Landlab version,1.7.0+15.g1764eb3f,
Dissolution rate parameter (1/yr),Gradient (m/m),Slope angle (deg)
0.0002,0.82404884912,39.4901895413
0.00024,0.644706866237,32.810153595
0.00028,0.534296429598,28.115431014
0.00032,0.441043524674,23.7995670076
0.00036,0.288452281903,16.0903267272
0.0004,0.201972724765,11.4185726704
0.00044,0.10976357524,6.26391395369
0.00048,0.0224836295957,1.28800007937
